{
  "formatVersion": 1,
  "database": {
    "version": 1,
    "identityHash": "6d260d58aa8d20b5eeb6ae71f3a68c8b",
    "entities": [
      {
        "tableName": "student_info",
        "createSql": "CREATE TABLE IF NOT EXISTS `${TABLE_NAME}` (`student_id` INTEGER PRIMARY KEY AUTOINCREMENT NOT NULL, `student_name` TEXT NOT NULL)",
        "fields": [
          {
            "fieldPath": "id",
            "columnName": "student_id",
            "affinity": "INTEGER",
            "notNull": true
          },
          {
            "fieldPath": "name",
            "columnName": "student_name",
            "affinity": "TEXT",
            "notNull": true
          }
        ],
        "primaryKey": {
          "columnNames": [
            "student_id"
          ],
          "autoGenerate": true
        },
        "indices": [],
        "foreignKeys": []
      }
    ],
    "views": [],
    "setupQueries": [
      "CREATE TABLE IF NOT EXISTS room_master_table (id INTEGER PRIMARY KEY,identity_hash TEXT)",
      "INSERT OR REPLACE INTO room_master_table (id,identity_hash) VALUES(42, '6d260d58aa8d20b5eeb6ae71f3a68c8b')"
    ]
  }
}