{
  "formatVersion": 1,
  "database": {
    "version": 2,
    "identityHash": "ed273000f83ffd55882aaa39f73e0cac",
    "entities": [
      {
        "tableName": "student_info",
        "createSql": "CREATE TABLE IF NOT EXISTS `${TABLE_NAME}` (`student_id` INTEGER PRIMARY KEY AUTOINCREMENT NOT NULL, `student_name` TEXT NOT NULL, `student_email` TEXT NOT NULL DEFAULT 'No Email')",
        "fields": [
          {
            "fieldPath": "id",
            "columnName": "student_id",
            "affinity": "INTEGER",
            "notNull": true
          },
          {
            "fieldPath": "name",
            "columnName": "student_name",
            "affinity": "TEXT",
            "notNull": true
          },
          {
            "fieldPath": "email",
            "columnName": "student_email",
            "affinity": "TEXT",
            "notNull": true,
            "defaultValue": "'No Email'"
          }
        ],
        "primaryKey": {
          "columnNames": [
            "student_id"
          ],
          "autoGenerate": true
        },
        "indices": [],
        "foreignKeys": []
      }
    ],
    "views": [],
    "setupQueries": [
      "CREATE TABLE IF NOT EXISTS room_master_table (id INTEGER PRIMARY KEY,identity_hash TEXT)",
      "INSERT OR REPLACE INTO room_master_table (id,identity_hash) VALUES(42, 'ed273000f83ffd55882aaa39f73e0cac')"
    ]
  }
}